rounds                                        ,importer
allance05                                     ,reshiram660
big_jerry                                     ,Johnathan Gamer
bobjoecarl                                    ,CostcoCustomer
bugthatlovesfish                              ,bugcondition
caps lock 3009                                ,capitao general ll
catholicguilttrip                             ,basilberry
chetmanley                                    ,smogonagall
chris2324                                     ,chrisjde
coutt                                         ,kug98
dfr2248                                       ,Pea-Kah
dinkdank_                                     ,bigmamasnorlax
Dray_jd                                       ,DraykOP
frogsella                                     ,big nut bill
graham (graaahaaam)                           ,koboldsorcerer
hakkihantunbak (i recently joined the discord),professorkid
heroin4sale                                   ,caraccident65278
jibca                                         ,dajib
jxj                                           ,serpentzero
kebinsan                                      ,mrsunsmash
kuru1432                                      ,carfacts
lawrencelot                                   ,hummusfan
leofox___                                     ,the band pet
litterofbiscuits                              ,lady_sundalia
martconqueso                                  ,vangaio
master_penguini                               ,ramberg buckland
millingwinds                                  ,1998 mercedes-benz
moggie776                                     ,Ramsus776
Moneybaggslowbro                              ,FreeYSL321
nick_parenti                                  ,statelessfir
oathkeeper                                    ,justblamehax
pabby_1805                                    ,whiscash cuajao
pat2678                                       ,ozengine
print screen                                  ,roomtemperatureivs
pulcsii                                       ,aobera
realfredrickdouglass                          ,sbibling
roy yamaha                                    ,yellow yamada
sensei_moon                                   ,precure moonlight
starii88                                      ,jimothy non-subs
stolenpaper                                   ,matthew engarde
superstar                                     ,gourgeist enjoyer
thetwo                                        ,darksamer
tommy4830                                     ,shitking
treyprime                                     ,muk fan
ultraemeraldman_16197                         ,humorous husband
walterbite                                    ,jakeconway
yadyaksh                                      ,auxplr
yamham                                        ,dunsparce_real